SKU,Descripción,Precio
001AGAVE,"Popote café 21 cm Agave estuchado CAJA 2,000 Pzas. AG*1",0
001AGAVEP,Popote café 21 cm Agave estuchado PQTE 500 Pzas. AG*1,0
002AGAVE,Bolsa camiseta Agave Vitabag Chica 25x15x41 cm CAJA 10 KG AG*5,0
002AGAVEP,Bolsa camiseta Agave Vitabag Chica 25x41x7.5cm PQTE 1 KG AG*5,0
004AGAVE,Bolsa camiseta Agave Vitabag Grande 30x20x61 cm CAJA 10 KG. AG*5,0
004AGAVEP,Bolsa camiseta Agave Vitabag Grande 30x61x10 cm PQTE 1 KG AG*5,0
003AGAVE,Bolsa camiseta Agave Vitabag Mediana 25x15x51 cm CAJA 10 KG. AG*5,0
003AGAVEP,Bolsa camiseta Agave Vitabag Mediana 25x51x7.5cm PQTE 1 KG AG*5,0
004.1BAMBUPLA,Contenedor redondo 26 oz beige compostable Bambú + Pla CAJA 300 Pzas. B+PLA*2,0
004.1BAMBUPLAP,Contenedor redondo 26 oz beige compostable Bambú + Pla PQTE 50 Pzas. B+PLA*2,0
005.1BAMBUPLA,Contenedor redondo 35 oz beige compostable Bambú + Pla CAJA 300 Pzas. B+PLA*2,0
005.1BAMBUPLAP,Contenedor redondo 35 oz beige compostable Bambú + Pla PQTE 50 Pzas. B+PLA*2,0
005.2BAMBUPLA,Contenedor redondo 46 oz beige compostable Bambú + Pla CAJA 300 Pzas. B+PLA*2,0
005.2BAMBUPLAP,Contenedor redondo 46 oz beige compostable Bambú + Pla PQTE 50 Pzas. B+PLA*2,0
002BAMBUPLA,"Contenedor térmico 8 oz beige compostable Bambú + Pla CAJA 1,000 Pzas. B+PLA*2",0
003.0BAMBUPLA,"Contenedor térmico 12 oz beige compostable Bambú + Pla CAJA 1,000 Pzas. B+PLA*2",0
003.0BAMBUPLAP,Contenedor térmico 12 oz beige compostable Bambú + Pla PQTE 50 Pzas. B+PLA*2,0
003.1BAMBUPLA,Contenedor térmico 16 oz beige compostable Bambú + Pla CAJA 500 Pzas. B+PLA*2,0
003.1BAMBUPLAP,Contenedor térmico 16 oz beige compostable Bambú + Pla PQTE 50 Pzas. B+PLA*2,0
004.0BAMBUPLA,Contenedor térmico 21 oz beige (sopero 1/2 lt) compostable Bambú + Pla CAJA 500 Pzas. B+PLA*2,0
004.0BAMBUPLAP,Contenedor térmico 21 oz beige (sopero 1/2 lt) compostable Bambú + Pla PQTE 50 Pzas. B+PLA*2,0
005.0BAMBUPLA,Contenedor térmico 32 oz beige (sopero 1 lt) compostable Bambú + Pla CAJA 500 Pzas. B+PLA*2,0
005.0BAMBUPLAP,Contenedor térmico 32 oz beige (sopero 1 lt) compostable Bambú + Pla PQTE 50 Pzas. B+PLA*2,0
001BAMBUPLA,"Contenedor térmico 5 oz beige compostable Bambú + Pla CAJA 1,000 Pzas. B+PLA*2",0
001BAMBUPLAP,Contenedor térmico 5 oz beige compostable Bambú + Pla PQTE 50 Pzas. B+PLA*2,0
002BAMBUPLAP,Contenedor térmico 8 oz beige compostable Bambú + Pla PQTE 50 Pzas. B+PLA*2,0
005.3BAMBUPLA,Tapa contenedor térmico 16 oz beige compostable Bambú + Pla CAJA 500 Pzas. B+PLA*2,0
005.3BAMBUPLAP,Tapa contenedor térmico 16 oz beige compostable Bambú + Pla PQTE 50 Pzas. B+PLA*2,0
006BAMBUPLA,Tapa contenedor térmico 21/32 oz beige (sopero) compostable Bambú + Pla CAJA 500 Pzas. B+PLA*2,0
006BAMBUPLAP,Tapa contenedor térmico 21/32 oz beige (sopero) compostable Bambú + Pla PQTE 50 Pzas. B+PLA*2,0
013BAMBUPLA,"Tapa cafetera blanca vaso 10/12/16/20 oz compostable Caña Azúcar CAJA 1,000 Pzas. CA*2",0
012BAMBUPLA,"Tapa cafetera blanca vaso 8 oz compostable Caña Azúcar CAJA 1,000 Pzas. CA*2",0
012BAMBUPLAP,Tapa cafetera blanca vaso 8 oz compostable Caña Azúcar PQTE 50 Pzas. CA*2,0
014BAMBUPLA,"Tapa plana c/agujero blanca vaso 10/12/16/20 oz compostable Caña Azúcar CAJA 1,000 Pzas. CA*2",0
014BAMBUPLAP,Tapa plana c/agujero blanca vaso 10/12/16/20 oz compostable Caña Azúcar PQTE 50 Pzas. CA*2,0
013BAMBUPLAP,Tapa vaso 10/12/16/20 oz térmico (cafetera) blanca Caña Azúcar PQTE 50 Pzas. CA*2,0
009BAMBUPLA,"Vaso 10 oz bebida caliente beige compostable Bambú + Pla CAJA 1,000 Pzas. B+PLA*2",0
009BAMBUPLAP,Vaso 10 oz bebida caliente beige compostable Bambú + Pla PQTE 50 Pzas. B+PLA*2,0
010BAMBUPLA,"Vaso 12 oz bebida caliente beige compostable Bambú + Pla CAJA 1,000 Pzas. B+PLA*2",0
010BAMBUPLAP,Vaso 12 oz bebida caliente beige compostable Bambú + Pla PQTE 50 Pzas. B+PLA*2,0
011BAMBUPLA,"Vaso 16 oz bebida caliente beige compostable Bambú + Pla CAJA 1,000 Pzas. B+PLA*2",0
011BAMBUPLAP,Vaso 16 oz bebida caliente beige compostable Bambú + Pla PQTE 50 Pzas. B+PLA*2,0
007BAMBUPLA,"Vaso 4 oz bebida caliente beige compostable Bambú + Pla CAJA 1,000 Pzas. B+PLA*2",0
007BAMBUPLAP,Vaso 4 oz bebida caliente beige compostable Bambú + Pla PQTE 50 Pzas.B+PLA*2,0
008BAMBUPLA,"Vaso 8 oz bebida caliente beige compostable Bambú + Pla CAJA 1,000 Pzas. B+PLA*2",0
008BAMBUPLAP,Vaso 8 oz bebida caliente beige compostable Bambú + Pla PQTE 50 Pzas. B+PLA*2,0
004CAÑAA,"Almeja 8x8"" blanca c/3 div Caña Azúcar CAJA 200 Pzas. CA*2",0
004CAÑAAP,"Almeja 8x8"" blanca c/3 div Caña Azúcar PQTE 50 Pzas. CA*2",0
003CAÑAA,"Almeja 8x8"" blanca lisa Caña Azúcar CAJA 200 Pzas. CA*2",0
003CAÑAAP,"Almeja 8x8"" blanca lisa Caña Azúcar PQTE 50 Pzas. CA*2",0
008CAÑAAP,"Almeja 9x6"" blanca c/2 div Caña Azúcar PQTE 50 Pzas. CA*2",0
008CAÑAA,"Almeja 9x6"" blanca c/2 div Caña Azúcar CAJA 250 Pzas. CA*2",0
007CAÑAA,"Almeja 9x6"" blanca lisa Caña Azúcar CAJA 250 Pzas. CA*2",0
007CAÑAAP,"Almeja 9x6"" blanca lisa Caña Azúcar PQTE 50 Pzas. CA*2",0
006CAÑAA,"Almeja 9x9"" blanca c/3 div Caña Azúcar CAJA 200 Pzas. CA*2",0
006CAÑAAP,"Almeja 9x9"" blanca c/3 div Caña Azúcar PQTE 50 Pzas. CA*2",0
005CAÑAA,"Almeja 9x9"" blanca lisa Caña Azúcar CAJA 200 Pzas. CA*2",0
005CAÑAAP,"Almeja 9x9"" blanca lisa Caña Azúcar PQTE 50 Pzas. CA*2",0
009CAÑAA,"Copa soufflé 2 oz blanca Caña Azúcar CAJA 2,000 Pzas. CA",0
009CAÑAAP,Copa soufflé 2 oz blanca Caña Azúcar PQTE 100 Pzas. CA,0
001CAÑAA,"Hamburguesero 6x6"" blanco Caña Azúcar CAJA 500 Pzas. CA*2",0
001CAÑAAP,"Hamburguesero 6x6"" blanco Caña Azúcar PQTE 50 Pzas. CA*2",0
002CAÑAA,"Hamburguesero bombacho 6x6"" blanco Caña Azúcar CAJA 500 Pzas. CA*2",0
002CAÑAAP,"Hamburguesero bombacho 6x6"" blanco Caña Azúcar PQTE 50 Pzas. CA*2",0
010CAÑAA,"Tapa soufflé 2 oz blanca Caña Azúcar CAJA 2,000 Pzas. CA",0
010CAÑAAP,Tapa soufflé 2 oz blanca Caña Azúcar PQTE 100 Pzas. CA,0
020CAÑAA,Charola Bioform chica 16.1x14.1x3.8 cm Caña Azúcar CAJA 600 Pzas. CA,0
020CAÑAAP,Charola Bioform chica 16.1x14.1x3.8 cm Caña Azúcar PQTE 50 Pzas. CA,0
016CAÑAA,Charola Bioform grande 21x15.3x4.5 cm Caña Azúcar CAJA 500 Pzas. CA,0
016CAÑAAP,Charola Bioform grande 21x15.3x4.5 cm Caña Azúcar PQTE 50 Pzas. CA,0
015.0CAÑAA,Charola rectangular 21x15.5x3 cm blanca Caña Azúcar CAJA 600 Pzas. CA*2,0
015.0CAÑAAP,Charola rectangular 21x15.5x3 cm blanca Caña Azúcar PQTE 50 Pzas. CA*2,0
015.1CAÑAA,Charola rectangular 27.3x13.8x3 cm blanca Caña Azúcar CAJA 500 Pzas. CA*2,0
015.1CAÑAAP,Charola rectangular 27.3x13.8x3 cm blanca Caña Azúcar PQTE 50 Pzas. CA*2,0
013.0CAÑAA,"Plato 10x10"" blanco cuadrado Caña Azúcar CAJA 500 Pzas. CA*3",0
013.0CAÑAAP,"Plato 10x10"" blanco cuadrado Caña Azúcar PQTE 50 Pzas. CA*3",0
013.1CAÑAA,"Plato 6"" liso blanco Caña Azúcar CAJA 1000 Pzas. CA*2",0
013.1CAÑAAP,"Plato 6"" liso blanco Caña Azúcar PQTE 125 Pzas. CA*2",0
011CAÑAA,"Plato 6x6"" blanco cuadrado Caña Azúcar CAJA 500 Pzas. CA*3",0
011CAÑAAP,"Plato 6x6"" blanco cuadrado Caña Azúcar PQTE 50 Pzas. CA*3",0
013.2CAÑAA,"Plato 7"" liso blanco Caña Azúcar CAJA 1000 Pzas. CA*2",0
013.2CAÑAAP,"Plato 7"" liso blanco Caña Azúcar PQTE 125 Pzas. CA*2",0
012CAÑAAP,"Plato 8x8"" blanco cuadrado Caña Azúcar PQTE 50 Pzas. CA*3",0
012CAÑAA,"Plato 8x8"" blanco cuadrado Caña Azúcar CAJA 500 Pzas. CA*3",0
014CAÑAA,"Tazón 12 oz (360 ml) blanco Caña Azúcar CAJA 1,000 Pzas. CA*2",0
014CAÑAAP,Tazón 12 oz (360 ml) blanco Caña de Azúcar PQTE 50 Pzas. CA*2,0
002ENV,Servicio de Envío - Transporte Aéreo,0
001ENV,Servicio de Envío - Transporte Terrestre,0
003ENV,Servicio de Envío RAM-Tansporte terrestre,0
046.2FMAIZP,Agitador estuchado (2 piezas) natural Fécula Maíz PQTE 250 sobres. FM*1,0
046.2FMAIZ,Agitador estuchado (2piezas) Fécula Maíz CAJA 500 sobres. FM.,0
046.0FMAIZ,"Agitador Fécula Maíz CAJA 2,000 Pzas. FM",0
046.0FMAIZP,Agitador Fécula Maíz PQTE 100 Pzas. FM,0
048FMAIZ,Bolsa basura jareta 95x110 cm extra gde negra Fécula Maíz CAJA 140 Pzas. FM,0
048FMAIZP,Bolsa basura jareta 95x110 cm extra gde negra Fécula Maíz PQTE c/7 Pzas. FM,0
047FMAIZ,"Bolsa camiseta c/leyenda 23x30 cm Fécula Maíz CAJA 2,000 Pzas. FM",0
047FMAIZP,Bolsa camiseta c/leyenda 23x30 cm Fécula Maíz PQTE 100 Pzas. FM,0
013FMAIZ,"Almeja 8x6"" natural lisa 600 ml Fécula Maíz CAJA 400 Pzas. FM*1",0
013FMAIZP,"Almeja 8x6"" natural lisa 600 ml Fécula Maíz PQTE 100 Pzas. FM*1",0
006FMAIZ,"Almeja 8x8"" natural c/3div Fécula Maíz CAJA 200 Pzas. FM*2",0
006FMAIZP,"Almeja 8x8"" natural c/3div Fécula Maíz PQTE 50 Pzas. FM*2",0
004FMAIZ,"Almeja 8x8"" natural lisa Fécula Maíz CAJA 200 Pzas. FM*2",0
004FMAIZP,"Almeja 8x8"" natural lisa Fécula Maíz PQTE 50 Pzas. FM*2",0
007FMAIZ,"Almeja 8x8"" negra c/3 div Fécula Maíz CAJA 200 Pzas. FM*2",0
007FMAIZP,"Almeja 8x8"" negra c/3 div Fécula Maíz PQTE 50 Pzas. FM*2",0
005FMAIZ,"Almeja 8x8"" negra lisa Fécula Maíz CAJA 200 Pzas. FM*2",0
005FMAIZP,"Almeja 8x8"" negra lisa Fécula Maíz PQTE 50 Pzas. FM*2",0
011FMAIZ,"Almeja 9x9"" natural c/3 div Fécula Maíz CAJA 200 Pzas. FM",0
011FMAIZP,"Almeja 9x9"" natural c/3 div Fécula Maíz PQTE 50 Pzas. FM",0
008FMAIZ,"Almeja 9x9"" natural lisa Fécula Maíz CAJA 125 Pzas. FM*2",0
008FMAIZP,"Almeja 9x9"" natural lisa Fécula Maíz PQTE 50 Pzas. FM*2",0
012FMAIZ,"Almeja 9x9"" negra c/3 div Fécula Maíz CAJA 200 Pzas. FM*2",0
012FMAIZP,"Almeja 9x9"" negra c/3 div Fécula Maíz PQTE 50 Pzas. FM*2",0
009FMAIZ,"Almeja 9x9"" negra lisa Fécula Maíz CAJA 125 Pzas. FM*2",0
009FMAIZP,"Almeja 9x9"" negra lisa Fécula Maíz PQTE 50 Pzas. FM*2",0
014FMAIZ,"Baguette 9x6"" natural liso Fécula Maíz CAJA 200 Pzas. FM",0
014FMAIZP,"Baguette 9x6"" natural liso Fécula Maíz PQTE 50 Pzas. FM",0
015FMAIZ,"Baguette 9x6"" negro liso Fécula Maíz CAJA 200 Pzas. FM",0
015FMAIZP,"Baguette 9x6"" negro liso Fécula Maíz PQTE 50 Pzas. FM",0
016FMAIZ,"Copa soufflé 2 oz natural Fécula Maíz CAJA 2,500 Pzas. FM",0
016FMAIZP,Copa soufflé 2 oz natural Fécula Maíz PQTE 100 Pzas. FM,0
018FMAIZ,"Copa soufflé 2 oz negra Fécula Maíz CAJA 2,500 Pzas. FM",0
018FMAIZP,Copa soufflé 2 oz negra Fécula Maíz PQTE 100 Pzas. FM,0
020FMAIZ,"Copa soufflé 4 oz natural Fécula Maíz CAJA 2,500 Pzas. FM*2",0
020FMAIZP,Copa soufflé 4 oz natural Fécula Maíz PQTE 100 Pzas. FM*2,0
022FMAIZ,"Copa soufflé 4 oz negra Fécula Maíz CAJA 2,500 Pzas. FM",0
022FMAIZP,Copa soufflé 4 oz negra Fécula Maíz PQTE 100 Pzas. FM,0
002FMAIZ,"Hamburguesero 6x6"" natural Fécula Maíz CAJA 500 Pzas. FM*2",0
002FMAIZP,"Hamburguesero 6x6"" natural Fécula Maíz PQTE 50 Pzas. FM*2",0
003FMAIZ,"Hamburguesero 6x6"" negro Fécula Maíz CAJA 500 Pzas. FM*2",0
003FMAIZP,"Hamburguesero 6x6"" negro Fécula Maíz PQTE 50 Pzas. FM*2",0
027FMAIZ,Soup Bowl 20 oz natural Fécula Maíz CAJA 600 Pzas. FM,0
027FMAIZP,Soup Bowl 20 oz natural Fécula Maíz PQTE 50 Pzas. FM,0
025FMAIZ,Soup Bowl 32 oz natural Fécula Maíz CAJA 480 Pzas. FM,0
025FMAIZP,Soup Bowl 32 oz natural Fécula Maíz PQTE 40 Pzas. FM,0
024FMAIZ,Soup Bowl 16 oz natural Fécula Maíz CAJA 600 Pzas. FM,0
024FMAIZP,Soup Bowl 16 oz natural Fécula Maíz PQTE 50 Pzas. FM,0
029FMAIZ,Soup Bowl 16 oz negro Fécula Maíz CAJA 600 Pzas. FM,0
029FMAIZP,Soup Bowl 16 oz negro Fécula Maíz PQTE 50 Pzas. FM,0
032FMAIZ,Soup Bowl 20 oz negro Fécula Maíz CAJA 600 Pzas. FM,0
032FMAIZP,Soup Bowl 20 oz negro Fécula Maíz PQTE 50 Pzas. FM,0
030FMAIZ,Soup Bowl 32 oz negro Fécula Maíz CAJA 480 Pzas. FM,0
030FMAIZP,Soup Bowl 32 oz negro Fécula Maíz PQTE 40 Pzas. FM,0
017FMAIZ,"Tapa copa soufflé 2 oz natural Fécula Maíz CAJA 2,500 Pzas. FM*2",0
017FMAIZP,Tapa copa soufflé 2 oz natural Fécula Maíz PQTE 100 Pzas. FM*2,0
019FMAIZ,"Tapa copa soufflé 2 oz negra Fécula Maíz CAJA 2,500 Pzas. FM",0
019FMAIZP,Tapa copa soufflé 2 oz negra Fécula Maíz PQTE 100 Pzas. FM,0
021FMAIZ,"Tapa copa soufflé 4 oz natural Fécula Maíz CAJA 2,500 Pzas. FM*2",0
021FMAIZP,Tapa copa soufflé 4 oz natural Fécula Maíz PQTE 100 Pzas. FM*2,0
023FMAIZ,"Tapa copa soufflé 4 oz negra Fécula Maíz CAJA 2,500 Pzas. FM",0
023FMAIZP,Tapa copa soufflé 4 oz negra Fécula Maíz PQTE 100 Pzas. FM,0
026FMAIZ,Tapa Soup Bowl 16/32 oz natural -no hermética- Fécula Maíz CAJA 600 Pzas. FM,0
026FMAIZP,Tapa Soup Bowl 16/32 oz natural -no hermética- Fécula Maíz PQTE 50 Pzas. FM,0
031FMAIZ,Tapa Soup Bowl 16/32 oz negro -no hermética- Fécula Maíz CAJA 600 Pzas. FM,0
031FMAIZP,Tapa Soup Bowl 16/32 oz negro-no hermética- Fécula Maíz PQTE 50 Pzas. FM,0
028FMAIZ,Tapa Soup Bowl 20 oz natural -no hermética- Fécula Maíz CAJA 600 Pzas. FM,0
028FMAIZP,Tapa Soup Bowl 20 oz natural -no hermética- Fécula Maíz PQTE 50 Pzas. FM,0
033FMAIZ,Tapa Soup Bowl 20 oz negro -no hermética- Fécula Maíz CAJA 600 Pzas. FM,0
033FMAIZP,Tapa Soup Bowl 20 oz negro -no hermética- Fécula Maíz PQTE 50 Pzas. FM,0
036FMAIZP,Cuchara 15 cm blanca Fécula Maíz PQTE 200 Pzas. FM*2,0
036FMAIZ,"Cuchara 15 cm blanca Fécula Maíz CAJA 1,000 Pzas. FM*2",0
039FMAIZ,"Cuchara 15 cm negra Fécula Maíz CAJA 1,000 Pzas. FM",0
039FMAIZP,Cuchara 15 cm negra Fécula Maíz PQTE 200 Pzas. FM,0
042FMAIZ,"Cuchara jumbo 17.5 cm blanca Fécula Maíz CAJA 1,000 Pzas. FM*2",0
042FMAIZP,Cuchara jumbo 17.5 cm blanca Fécula Maíz PQTE 200 Pzas. FM*2,0
035FMAIZ,"Cuchara pastelera blanca a granel 12.5 cm Fécula Maíz CAJA 1,000 Pzas. FM*2",0
035FMAIZP,Cuchara pastelera blanca a granel 12.5 cm Fécula Maíz PQTE 200 Pzas. FM*2,0
041FMAIZ,"Cuchillo 15 cm negro Fécula Maíz CAJA 1,000 Pzas. FM",0
041FMAIZP,Cuchillo 15 cm negro Fécula Maíz PQTE 200 Pzas. FM,0
038FMAIZ,"Cuchillo 15 cm blanco Fécula Maíz CAJA 1,000 Pzas. FM*2",0
038FMAIZP,Cuchillo 15 cm blanco Fécula Maíz PQTE 200 Pzas. FM*2,0
044FMAIZ,"Cuchillo jumbo 17.5 cm blanco Fécula Maíz CAJA 1,000 Pzas. FM*2",0
044FMAIZP,Cuchillo jumbo 17.5 cm blanco Fécula Maíz PQTE 200 Pzas. FM*2,0
045FMAIZ,Set de cubiertos blanco jumbo estuchados Fécula Maíz CAJA 500 Pzas. FM,0
045FMAIZP,Set de cubiertos blanco jumbo estuchados Fécula Maíz PQTE 50 Pzas. FM,0
037FMAIZ,"Tenedor 15 cm blanco Fécula Maíz CAJA 1,000 Pzas. FM*2",0
037FMAIZP,Tenedor 15 cm blanco Fécula Maíz PQTE 200 Pzas. FM*2,0
040FMAIZ,"Tenedor 15 cm negro Fécula Maíz CAJA 1,000 Pzas. FM",0
040FMAIZP,Tenedor 15 cm negro Fécula Maíz PQTE 200 Pzas. FM,0
043FMAIZ,"Tenedor jumbo 17.5 cm blanco Fécula Maíz CAJA 1,000 Pzas. FM*2",0
043FMAIZP,Tenedor jumbo 17.5 cm blanco Fécula Maíz PQTE 200 Pzas. FM*2,0
034FMAIZ,Charola rectangular natural 23x18 cm Fécula Maíz CAJA 500 Pzas. FM*2,0
034FMAIZP,Charola rectangular natural 23x18 cm Fécula Maíz PQTE 50 Pzas. FM*2,0
004IMP,Impresión 1 tinta - Serigrafía - Caja Pizza,0
008IMP,Grabado Placa - Serigrafía pago único por tamaño,0
021IMP,Grabado Placa -pago unica ocasión-*1,0
023IMP,Grabado Placa -pago unica ocasión-*2,0
024IMP,Grabado Placa -pago unica ocasión-*3,0
001.1IMP,Impresión 1 tinta - Serigrafía - CHICO,0
001.0IMP,Impresión 1 tinta - Serigrafía - MEDIANO y GRANDE,0
005IMP,Impresión 1 tinta - Serigrafía -ESPECIAL,0
002.1IMP,Impresión 1 tinta -Fajilla Carton Bio $/pza *1,0
002.0IMP,Impresión 1 tinta -Vaso PLA clear $/pza *1,0
002.2IMP,Impresión 1 tinta -Vaso PLA clear $/pza *2,0
003.0IMP,Impresión 1 tinta -Vaso PLA clear $/pza *3,0
001.2IMP,Impresión 2 tintas - Serigrafía - CHICO,0
001.3IMP,Impresión 2 tintas - Serigrafía - MEDIANO y GRANDE,0
003.1IMP,Impresión 2 tintas -Vaso PLA clear $/pza *3,0
003.2IMP,Impresión 3 tintas -Vaso PLA clear $/pza *3,0
002.3,Muestra Grafica/Diseño,0
001MADBAP,Agitador de Madera PQTE 500 Pzas. Madera*2,0
001MADBA,"Agitador Madera BOLSA 1,000 Pzas. *2",0
003.1MADBA,Brocheta Bambú c/nudo 10.5 cm BOLSA 100 Pzas. *15,0
004MADBA,Brocheta Bambú c/nudo 12 cm BOLSA 100 Pzas. *15,0
005MADBA,Brocheta Bambú c/nudo 15 cm BOLSA 100 Pzas. *15,0
006.0MADBA,Brocheta Bambú c/nudo 18 cm BOLSA 100 Pzas. *15,0
002MADBA,Brocheta Bambú c/nudo 7 cm BOLSA 100 Pzas. *15,0
003.0MADBA,Brocheta Bambú c/nudo 9 cm BOLSA 100 Pzas. *15,0
006.3MADBA,Brocheta Bambú lisa 15 cm BOLSA 100 Pzas. *15,0
006.4MADBA,Brocheta Bambú lisa 20 cm BOLSA 100 Pzas. *15,0
006.5MADBA,Brocheta Bambú lisa 20 cm BOLSA 100 Pzas. *15,0
015MADBA,"Cuchara Compostable y Biodegradable 16 cm Madera CAJA 1,000 Pzas. *3",0
015MADBAP,Cuchara Compostable y Biodegradable 16 cm Madera PQTE 100 Pzas. *3,0
017MADBAP,Cuchiillo Compostable y Biodegradable 16 cm Madera PQTE 100 Pzas. *3,0
017MADBA,"Cuchillo Compostable y Biodegradable 16 cm Madera CAJA 1,000 Pzas. *3",0
014MADBA,Mantel Bambú 24x24 cm BOLSA 1 Pza. *15,0
006.6MADBA,Palillo Bambú adorno/bolita madera de colores 9 cm PACK 100 Pzas. *15,0
006.7MADBA,Palillo Bambú adorno/bolita madera de colores 15 cm PACK 100 Pzas. *15,0
006.2MADBA,Palillo Bambú para Brocheta Plano 12 cm Bolsa 100 Pzas. *15,0
006.1MADBA,Palillo Bambú para Brocheta Plano 9 cm Bolsa 100 Pzas. *15,0
012MADBA,Pinza Bambú 10 cm PACK 40 Pzas. *15,0
013MADBA,Pinza Bambú 16 cm PACK 40 Pzas. *15,0
016MADBA,"Tenedor Compostable y Biodegradable 16 cm Madera CAJA 1,000 Pzas. *3",0
016MADBAP,Tenedor Compostable y Biodegradable 16 cm Madera PQTE 100 Pzas. *3,0
007MADBA,Barquito (Badeja) Madera 7.5x5.5 cm PACK 100 Pzas. *15,0
008MADBA,Barquito (Bandeja) Madera 17.5x9 cm PACK 50 Pzas. *15,0
009MADBA,Barquito (Bandeja) Madera 19x9.6 cm PACK 50 Pzas. *15,0
010.0MADBA,Barquito (Bandeja) Madera 21.5x11.5 cm PACK 50 Pzas. *15,0
010.1MADBA,Barquito (Bandeja) Madera 25x11.5 cm PACK 50 Pzas. *15,0
011MADBA,Cono Bambú 12 cm (8.5x6.5x11.5) PACK 50 Pzas. *15,0
005NC,Bolsa camiseta Poliseda BIO Grande Vitabag 30x20X61 cm CAJA 10 KG. PS*5,0
006NC,Bolsa camiseta Poliseda BIO Mediana Vitabag 25x50 cm CAJA 10 KG. PS*5,0
006NCP,Bolsa camiseta Poliseda BIO Mediana Vitabag 30x60 cm PQTE 1 KG. PS*5,0
005NCP,Bolsa camiseta Poliseda BIOGrande Vitabag 30x20X61 cm PQTE 1 KG. PS*5,0
009NC,Bolsa camiseta Poliseda lisa Chica 25x40 cm CAJA 25 KG. PS*10,0
009NCP,Bolsa camiseta Poliseda lisa Chica 25x40 cm PQTE 1 KG. PS*10,0
007NC,Bolsa camiseta Poliseda lisa Grande 30x60 cm CAJA 25 KG. PS*10,0
007NCP,Bolsa camiseta Poliseda lisa Grande 30x60 cm PQTE 1 KG. PS*10,0
008NC,Bolsa camiseta Poliseda lisa Mediana 25X50 cm CAJA 25 KG. PS*10,0
008NCP,Bolsa camiseta Poliseda lisa Mediana 25x50 cm PQTE 1 KG. PS*10,0
010NC,Bolsa de Poliseda lisa 15x25 cm ROLLO 1 KG. PS*10,0
011NC,Bolsa de rollo Poliseda lisa 18x26 cm ROLLO 1 KG. PS*10,0
012NC,Bolsa de rollo Poliseda lisa 20x30 cm ROLLO 1 KG. PS*10,0
013NC,Bolsa de rollo Poliseda lisa 25x40 cm ROLLO 1 KG. PS*10,0
014NC,Bolsa de rollo Poliseda lisa 30x40 cm ROLLO 1 KG. PS*10,0
015NC,Bolsa de rollo Poliseda lisa 35x45 cm ROLLO 1 KG. PS*10,0
016NC,Bolsa de rollo Poliseda lisa 40x60 cm ROLLO 1 KG. PS*10,0
001NC,"Contenedor 3 oz térmico blanco papel (Convencional no compostable) CAJA 1,000 Pzas. NC P*11",0
001NCP,Contenedor 3 oz térmico blanco papel (Convencional no compostable) PQTE 50 pzas. NC P*11,0
002NC,"Contenedor 4 oz térmico blanco papel (Convencional no compostable) CAJA 1,000 Pzas. NC P*11",0
002NCP,Contenedor 4 oz térmico blanco papel (Convencional no compostable) PQTE 50 pzas. NC P*11,0
003NC,"Contenedor 5 oz térmico blanco papel (Convencional no compostable) CAJA 1,000 Pzas. NC P*11",0
003NCP,Contenedor 5 oz térmico blanco papel (Convencional no compostable) PQTE 50 Pzas. NC P*11,0
004NC,"Contenedor 6 oz térmico blanco papel (Convencional no compostable) CAJA 1,000 Pzas. NC P*11",0
004NCP,Contenedor 6 oz térmico blanco papel (Convencional no compostable) PQTE 50 Pzas. NC P*11,0
017NC,Tapa contenedor 16/24 oz transparente Paja Trigo (Convencional no compostable) CAJA 250 Pzas. NC*1,0
019NC,Tapa contenedor 26/35 oz transparente Bambú (Convencional no compostable) CAJA 300 Pzas. NC*2,0
019NCP,Tapa contenedor 26/35 oz transparente Bambú (Convencional no compostable) PQTE 50 Pzas. NC*2,0
018NC,Tapa contenedor 32/48 oz transparente Paja Trigo (Convencional no compostable) CAJA 250 Pzas. NC*1,0
020NC,Tapa contenedor 46 oz transparente Bambú (Convencional no compostable) CAJA 300 Pzas. NC*2,0
006PTRIGOP,"Almeja 7x5 ""beige liso Paja Trigo PQTE 50 Pzas. PT*3",0
006PTRIGO,"Almeja 7x5"" beige liso Paja Trigo CAJA 500 Pzas. PT*3",0
003PTRIGO,"Almeja 8x8"" beige c/ 3 div Paja Trigo CAJA 200 Pzas. PT*3",0
003PTRIGOP,"Almeja 8x8"" beige c/ 3 div Paja Trigo PQTE 50 Pzas. PT*3",0
002PTRIGO,"Almeja 8x8"" beige liso Paja Trigo CAJA 200 Pzas. PT*3",0
002PTRIGOP,"Almeja 8x8"" beige liso Paja Trigo PQTE 50 Pzas. PT*3",0
008PTRIGO,"Almeja 9x6"" beige c/2 div Paja Trigo CAJA 200 Pzas. PT*3",0
008PTRIGOP,"Almeja 9x6"" beige c/2 div Paja Trigo PQTE 50 Pzas. PT*1",0
007PTRIGO,"Almeja 9x6"" beige liso Paja Trigo CAJA 250 Pzas. PT*3",0
007PTRIGOP,"Almeja 9x6"" beige liso Paja Trigo PQTE 50 Pzas. PT*1",0
005PTRIGO,"Almeja 9x9"" beige c/3 div Paja Trigo CAJA 250 Pzas. PT*3",0
005PTRIGOP,"Almeja 9x9"" beige c/3 div Paja Trigo PQTE 50 Pzas. PT*3",0
004PTRIGO,"Almeja 9x9"" beige liso Paja Trigo CAJA 200 Pzas. PT*3",0
004PTRIGOP,"Almeja 9x9"" beige liso Paja Trigo PQTE 50 Pzas. PT*3",0
009PTRIGO,"Copa soufflé 2 oz beige Paja Trigo CAJA 2,000 Pzas. PT*1",0
009PTRIGOP,Copa soufflé 2 oz beige Paja Trigo PQTE 50 Pzas. PT*1,0
012PTRIGO,"Copa soufflé 4 oz beige Paja Trigo CAJA 1,000 Pzas. PT*1",0
012PTRIGOP,Copa soufflé 4 oz beige Paja Trigo PQTE 50 Pzas. PT*1,0
001PTRIGO,"Hamburguesero 6x6"" beige Paja Trigo CAJA 500 Pzas. PT*1",0
001PTRIGOP,"Hamburguesero 6x6"" beige Paja Trigo PQTE 50 Pzas .PT*1",0
028PTRIGO,"Lunch Box 10x7"" beige c/3 div Paja Trigo CAJA 400 Pzas. PT*1",0
028PTRIGOP,"Lunch Box 10x7"" beige c/3 div Paja Trigo PQTE 50 Pzas. PT*1",0
025PTRIGO,"Lunch Box 10x7x2"" beige Paja Trigo CAJA 400 Pzas. PT*1",0
025PTRIGOP,"Lunch Box 10x7x2"" beige Paja Trigo PQTE 50 Pzas. PT*1",0
026PTRIGO,Lunch Box 10x7x3 beige Paja Trigo CAJA 400 Pzas. PT*1,0
026PTRIGOP,"Lunch box 10x7x3"" beige Paja Trigo PQTE 50 Pzas. PT*1",0
015.1PTRIGO,Lunch Box 29 oz beige Paja Trigo CAJA 400 Pzas. PT*3,0
015.1TRIGOP,Lunch Box 29 oz beige Paja Trigo PQTE 50 Pzas. PT*3,0
015.2PTRIGO,Lunch Box 38 oz beige Paja Trigo CAJA 400 Pzas. PT*3,0
015.2PTRIGOP,Lunch Box 38 oz beige Paja Trigo PQTE 50 Pzas. PT*3,0
015.3,Lunch Box 44 oz beige Paja Trigo CAJA 400 Pzas. PT*3,0
015.3PTRIGOP,Lunch Box 44 oz beige Paja Trigo PQTE 50 Pzas. PT*3,0
015.0PTRIGO,"Lunch Box 6x5x2"" beige Paja Trigo CAJA 600 Pzas. PT*1",0
015.0PTRIGOP,"Lunch Box 6x5x2"" beige Paja Trigo PQTE 50 Pzas. PT*1",0
017PTRIGOP,"Lunch Box 8x6"" beige liso Paja Trigo PQTE 50 Pzas. PT*1",0
017PTRIGO,"Lunch Box 8x6"" beige liso Paja Trigo CAJA 400 Pzas. PT*1",0
019PTRIGOP,"Lunch Box 8x6x2"" beige c/ 2 div Paja Trigo PQTE 50 Pzas. PT*1",0
019PTRIGO,"Lunch Box 8x6x2"" beige c/2 div Paja Trigo CAJA 400 Pzas. PT*1",0
021PTRIGOP,"Lunch Box 9x7x2"" beige Paja Trigo PQTE 50 Pzas. PT*1",0
021PTRIGO,"Lunch Box 9x7x2"" beige Paja Trigo CAJA 400 Pzas. PT*1",0
022PTRIGO,"Lunch Box 9x7x3"" beige Paja Trigo CAJA 400 Pzas. PT*1",0
022PTRIGOP,"Lunch Box 9x7x3"" beige Paja Trigo PQTE 50 Pzas. PT*1",0
030PTRIGO,Platón ovalado burritos 24 oz beige Paja Trigo CAJA 300 Pzas. PT*1,0
030PTRIGOP,Platón ovalado burritos 24 oz beige Paja Trigo PQTE 50 Pzas. PT*1,0
032PTRIGO,Platón ovalado burritos 32 oz beige Paja Trigo CAJA 300 Pzas. PT*1,0
032PTRIGOP,Platón ovalado burritos 32 oz beige Paja Trigo PQTE 50 Pzas. PT*1,0
029PTRIGO,"Tapa Box Lunch 10x7"" beige c/3 div PLA CAJA 400 Pzas. PLA*1",0
029PTRIGOP,"Tapa Box Lunch 10x7"" beige c/3 div PLA PQTE 50 Pzas. PLA*1",0
010PTRIGO,"Tapa copa soufflé 2 oz beige Paja Trigo CAJA 2,000 Pzas. PT*1",0
010PTRIGOP,Tapa copa soufflé 2 oz beige Paja Trigo PQTE 50 Pzas. PT*1,0
011PTRIGOP,Tapa copa soufflé 2 oz PLA PQTE 100 Pzas. PLA*1,0
011PTRIGO,"Tapa copa souffle 2 oz transparente Paja Trigo PLA CAJA 2,000 Pzas. PT*1",0
013PTRIGO,"Tapa copa soufflé 4 oz beige Paja Trigo CAJA 1,000 Pzas. PT*1",0
013PTRIGOP,Tapa copa soufflé 4 oz beige Paja Trigo PQTE 50 Pzas. PT*1,0
027PTRIGO,"Tapa Lunch Box 10x7"" PLA CAJA 400 Pzas. PLA*1",0
027PTRIGOP,"Tapa Lunch Box 10x7"" PLA PQTE 50 Pzas. PLA*1",0
015.4PTRIGO,Tapa Lunch Box 29/44 oz PLA CAJA 400 Pzas. PLA*3,0
015.4PTRIGOP,Tapa Lunch Box 29/44 oz PLA PQTE 50 Pzas. PLA*3,0
016PTRIGO,"Tapa Lunch Box 6x5"" beige Paja Trigo CAJA 600 Pzas. PT*1",0
016PTRIGOP,"Tapa Lunch Box 6x5"" beige Paja Trigo PQTE 50 Pzas. PT*1",0
020PTRIGO,"Tapa Lunch Box 8x6"" c/2 div PLA CAJA 400 Pzas. PLA*1",0
020PTRIGOP,"Tapa Lunch Box 8x6"" c/2 div PLA PQTE 50 Pzas. PLA*1",0
018PTRIGO,"Tapa Lunch Box 8x6"" PLA CAJA 400 Pzas. PLA*1",0
018PTRIGOP,"Tapa Lunch Box 8x6"" PLA PQTE 50 Pzas. PLA*1",0
023PTRIGO,"Tapa Lunch Box 9x7"" beige Paja Trigo CAJA 400 Pzas .PT*1",0
023PTRIGOP,"Tapa Lunch Box 9x7"" beige Paja Trigo PQTE 50 Pzas. PT*1",0
024PTRIGO,"Tapa Lunch Box 9x7"" PLA CAJA 400 Pzas. PLA*1",0
024PTRIGOP,"Tapa Lunch Box 9x7"" PLA PQTE 50 Pzas. PLA*1",0
031PTRIGO,Tapa platón ovalado burritos 24 oz PLA CAJA 300 Pzas. PLA*1,0
031PTRIGOP,Tapa platón ovalado burritos 24 oz PLA PQTE 50 Pzas. PLA*1,0
033PTRIGO,Tapa platón ovalado burritos 32 oz PLA CAJA 300 Pzas. PLA*1,0
033PTRIGOP,Tapa platón ovalado burritos 32 oz PLA PQTE 50 Pzas. PLA*1,0
036PTRIGO,"Caja Pizza 12"" beige Paja Trigo CAJA 100 Pzas. PT*1",0
036PTRIGOP,"Caja Pizza 12"" beige Paja Trigo PQTE 25 Pzas. PT*1",0
037PTRIGO,"Caja Pizza 14"" beige Paja Trigo CAJA 100 Pzas. PT*1",0
037PTRIGOP,"Caja Pizza 14"" beige Paja Trigo PQTE 25 Pzas. PT*1",0
035PTRIGO,Lunch Pack (caja) beige Paja Trigo CAJA 200 Pzas. PT*1,0
035PTRIGOP,Lunch Pack (caja) beige Paja Trigo PQTE 50 Pzas. PT*1,0
034PTRIGO,Taco Box beige 3 div Paja Trigo CAJA 300 Pzas. PT*3,0
034PTRIGOP,Taco Box beige 3 div Paja Trigo PQTE 50 Pzas. PT*1,0
051PTRIGOP,Charola rectangular 20x15x3 cm beige Paja Trigo PQTE 50 Pzas. PT*1,0
052PTRIGO,Charola rectangular 20x15x2 cm beige Paja Trigo CAJA 500 Pzas. PT*3,0
052PTRIGOP,Charola rectangular 20x15x2 cm beige Paja Trigo PQTE 50 Pzas. PT*3,0
051PTRIGO,Charola rectangular 20x15x3 cm beige Paja Trigo CAJA 600 Pzas. PT*1,0
038PTRIGOP,"Plato 6"" beige redondo pastelero (orilla rayas) Paja Trigo PQTE 50 Pzas. PT*1",0
038PTRIGO,"Plato 6"" beige redondo pastelero (orilla rayas) Paja Trigo CAJA 1,000 Pzas. PT*1",0
039PTRIGOP,"Plato 9"" beige redondo (liso) Paja Trigo PQTE 50 Pzas. PT*1",0
039PTRIGO,"Plato 9"" beige redondo (liso) Paja Trigo CAJA 1,000 Pzas. PT*1",0
040PTRIGO,"Plato 9"" beige redondo c/3 div Paja Trigo CAJA 500 Pzas. PT*1",0
040PTRIGOP,"Plato 9"" beige redondo c/3 div Paja Trigo PQTE 50 Pzas. PT*1",0
041PTRIGO,"Plato fiesta copa 7"" beige Paja Trigo CAJA 1,000 Pzas. PT*1",0
041PTRIGOP,"Plato fiesta copa 7"" beige Paja Trigo PQTE 50 Pzas. PT*1",0
042PTRIGO,"Plato fiesta vaso 9"" beige Paja Trigo CAJA 400 Pzas. PT*1",0
042PTRIGOP,"Plato fiesta vaso 9"" beige Paja Trigo PQTE 50 Pzas. PT*1",0
047PTRIGOP,Tapa tazón 16/24/32 oz beige Paja Trigo (World Centric) PQTE 50 Pzas. PT*1,0
047PTRIGO,Tapa tazón 16/24/32 oz beige Paja Trigo (World Centric) CAJA 500 Pzas. PT*1,0
048PTRIGO,Tapa tazón 16/24/32 oz PLA (World Centric) CAJA 300 Pzas. PLA*1,0
048PTRIGOP,Tapa tazón 16/24/32 oz PLA (World Centric) PQTE 50 Pzas. PLA*1,0
050PTRIGOP,Tapa tazón Kai 8/12/16 oz beige Paja Trigo (World Centric) PQTE 50 Pzas. PT*1,0
050PTRIGO,Tapa tazón Kai 8/12/16 oz beige Paja Trigo (World Centric) CAJA 500 Pzas. PT*1,0
044PTRIGO,Tazón 16 oz beige Paja Trigo (World Centric) CAJA 500 Pzas. PT*1,0
044PTRIGOP,Tazón 16 oz beige Paja Trigo (World Centric) PQTE 50 Pzas. PT*1,0
045PTRIGO,Tazón 24 oz beige Paja Trigo (World Centric) CAJA 500 Pzas. PT*1,0
045PTRIGOP,Tazón 24 oz beige Paja Trigo (World Centric) PQTE 50 Pzas. PT*1,0
046.1PTRIGO,Tazón 30 oz beige Paja Trigo CAJA 800 Pzas. PT *1,0
046.1PTRIGOP,Tazón 30 oz beige Paja Trigo PQTE 50 Pzas. PT*1,0
046.0PTRIGO,Tazón 32 oz beige Paja Trigo (World Centric) CAJA 500 Pzas. PT*1,0
046.0PTRIGOP,Tazón 32 oz beige Paja Trigo (World Centric) PQTE 50 Pzas. PT*1,0
043PTRIGO,"Tazón 6 oz beige (sin tapa) Paja Trigo (World Centric) CAJA 1,000 Pzas. PT*1",0
043PTRIGOP,Tazón 6 oz beige (sin tapa) Paja Trigo (World Centric) PQTE 50 Pzas. PT*1,0
049PTRIGO,Tazón Kai 16 oz beige Paja Trigo (World Centric) CAJA 500 Pzas. PT*1,0
049PTRIGOP,Tazón Kai 16 oz beige Paja Trigo (World Centric) PQTE 50 Pzas. PT*1,0
002ANTIG,"Hoja papel antigrasa 25 grms 30x30 cm cuadrada rojo CAJA 1,000 Pzas. PAG*2",0
005.1ANTIG,"Hoja papel antigrasa 25 grms 30x30 cm cuadros amarillo CAJA 1,000 Pzas. PAG*2",0
005.1ANTIGP,Hoja papel antigrasa 25 grms 30x30 cm cuadros amarillo PQTE 100 Pzas. PAG*2,0
004ANTIG,"Hoja papel antigrasa 25 grms 30x30 cm cuadros azul CAJA 1,000 Pzas. PAG*2",0
004ANTIGP,Hoja papel antigrasa 25 grms 30x30 cm cuadros azul PQTE 100 Pzas. PAG*2,0
005.2ANTIG,"Hoja papel antigrasa 25 grms 30x30 cm cuadros café CAJA 1,000 Pzas. PAG*2",0
005.2ANTIGP,Hoja papel antigrasa 25 grms 30x30 cm cuadros café PQTE 100 Pzas. PAG*2,0
005.3ANTIG,"Hoja papel antigrasa 25 grms 30x30 cm cuadros naranja CAJA 1,000 Pzas. PAG*2",0
005.3ANTIGP,Hoja papel antigrasa 25 grms 30x30 cm cuadros naranja PQTE 100 Pzas. PAG*2,0
003ANTIG,"Hoja papel antigrasa 25 grms 30x30 cm cuadros negro CAJA 1,000 Pzas. PAG*2",0
003ANTIGP,Hoja papel antigrasa 25 grms 30x30 cm cuadros negro PQTE 100 Pzas. PAG*2,0
002ANTIGP,Hoja papel antigrasa 25 grms 30x30 cm cuadros rojo PQTE 100 Pzas. PAG*2,0
001.1ANTIG,Hoja papel antigrasa 25 grms 30x30 cm cuadros rosa CAJA 500 Pzas. *6,0
001.1ANTIGP,Hoja papel antigrasa 25 grms 30x30 cm cuadros rosa PQTE. 100 Pzas *6,0
005.0ANTIG,"Hoja papel antigrasa 25 grms 30x30 cm cuadros verde CAJA 1,000 Pzas. PAG*2",0
005.0ANTIGP,Hoja papel antigrasa 25 grms 30x30 cm cuadros verde PQTE 100 Pzas. PAG*2,0
001.0ANTIG,"Hoja papel antigrasa 25 grms 30x30 cm liso kraft CAJA 1,000 Pzas. PAG*3",0
001.0ANTIGP,Hoja papel antigrasa 25 grms 30x30 cm liso kraft PQTE 100 Pzas. PAG*3,0
014KRAFT,"Fajilla Ajustable Cartón Bio 8/10/12/16 oz CAJA 1,000 Pzas. PKB*2",0
014KRAFTP,Fajilla Ajustable Cartón Bio 8/10/12/16 oz PQTE 100 Pzas. PKB*2,0
013KRAFT,"Fajilla Pegada Cartón Bio (ensamblada) 10/20 oz CAJA 1,000 Pzas. PKB*2",0
013KRAFTP,Fajilla Pegada Cartón Bio (ensamblada) 10/20 oz PQTE 100 Pzas. PKB*2,0
016.1KRAFT,"Popote de papel 21 cm x 0.6 cm estuchado CAJA 2,000 Pzas. PKB*3",0
016.1KRAFTP,Popote de papel 21 cm x 0.6 cm estuchado PQTE 500 Pzas. PKB*3,0
015KRAFT,Portavaso Pulpa Papel p/4 pzas CAJA 200 Pzas. PKB*2,0
015KRAFTP,Portavaso Pulpa Papel p/4 pzas PQTE 50 Pzas. PKB*2,0
016.0KRAFT,Portavasos P Kraft p/2 pzas CAJA 100 Pzas. PKB*2,0
016.0KRAFTP,Portavasos P Kraft p/2 pzas PQTE 50 Pzas. PKB*2,0
022.2KRAFT,"Servilleta de Lujo Cafe 21x9 cm CAJA 1,000 Pzas. PKB",0
022.2KRAFTP,Servilleta de Lujo Cafe 21x9 cm PQTE 100 Pzas. PKB,0
017KRAFT,"Servilleta P Kraft p/dispensador CAJA 6,000 Pzas. PKB*1",0
017KRAFTP,Servilleta P Kraft p/dispensador PQTE 500 Pzas. PKB*1,0
019.0KRAFT,"Servilleta P Kraft Chica 23x23 cm cuadrada CAJA 4,000 Pzas. PKB*3",0
019.0KRAFTP,Servilleta P Kraft Chica 23x23 cm cuadrada PQTE 500 Pzas. PKB*3,0
019.1KRAFT,"Servilleta P Kraft Chica 24x24 cm cuadrada CAJA 5,400 Pzas. PKB*2",0
019.1KRAFTP,Servilleta P Kraft Chica 24x24 cm cuadrada PQTE 450 Pzas. PKB*2,0
018KRAFT,"Servilleta P Kraft Cocktail 12.5x12.5 cm CAJA 6,000 Pzas. PKB",0
018KRAFTP,Servilleta P Kraft Cocktail 12.5x12.5 cm PQTE 250 Pzas. PKB,0
021KRAFTP,Servilleta P Kraft Grande 42x36 cm rectangualr PKB*3 PQTE 250 Pzas. PKB*3,0
021KRAFT,"Servilleta P Kraft Grande 42x36 cm rectangualr CAJA 3,000 Pzas. PKB*3",0
020KRAFT,"Servilleta P Kraft Mediana 30x30 cm cuadrada CAJA 3,000 Pzas. PKB*3",0
020KRAFTP,Servilleta P Kraft Mediana 30x30 cm cuadrada PQTE 500 Pzas. PKB*3,0
022.1KRAFT,Servilleta Papel Negra Tacto Lino 33x33 cm CAJA 600 Pzas. PKB,0
022.1KRAFTP,Servilleta Papel Negra Tacto Lino 33x33 cm PQTE 100 Pzas. PKB,0
022.0KRAFT,Servilleta Papel Negra Tacto Lino 43x30 cm CAJA 600 Pzas. PKB*10,0
022.0KRAFTP,Servilleta Papel Negra Tacto Lino 43x30 cm PQTE 100 Pzas. PKB*10,0
091KRAFT,Bolsa 1/2 papel Antigrasa Blanco 7.5X16X4 CAJA 500 Pzas. PKB*6,0
091KRAFTP,Bolsa 1/2 Papel Antigrasa Blanco 7.5X16X4 cm. PQTE 100 Pzas. PKB*6,0
090KRAFT,Bolsa 1/4 papel Antigrasa Blanco 6.30x14x3 cm CAJA 500 Pzas. PKB*6,0
090KRAFTP,Bolsa 1/4 Papel Antigrasa Blanco 6.30x14x3 cm. PQTE 100 Pzas. PKB*6,0
080KRAFTP,Bolsa c/asa de Macramé Bond Parada Mini (blanca) 14.5x11x8 cm. PQTE 50 pzas.,0
081KRAFT,Bolsa c/asa Macramé Bond Parada CH Kraft 16x21x9 cm. CAJA 100 pzas.,0
081KRAFTP,Bolsa c/asa Macramé Bond Parada CH Kraft 22X16X10 cm. PQTE 50 pzas.,0
080KRAFT,Bolsa c/asa Macramé Bond Parada Mini (blanca) 14.5x11x8 cm. CAJA 100 pzas.,0
064KRAFT,Bolsa c/asa Macramé Kraft Cuadrada Amplia CH 19x19x14 cm. CAJA 100 pzas.,0
064KRAFTP,Bolsa c/asa Macramé Kraft Cuadrada Amplia CH 19x19x14 cm. PQTE 50 pzas.,0
066KRAFT,Bolsa c/asa Macramé Kraft Cuadrada Amplia G 30x30x21 cm. CAJA 100 pzas.,0
066KRAFTP,Bolsa c/asa Macramé Kraft Cuadrada Amplia G 30x30x21 cm. PQTE 50 pzas,0
065KRAFT,Bolsa c/asa Macramé Kraft Cuadrada Amplia M 24x24x17 cm. CAJA 100 pzas.,0
065KRAFTP,Bolsa c/asa Macramé Kraft Cuadrada Amplia M 24x24x17 cm. PQTE 50 pzas,0
063KRAFTP,Bolsa c/asa Macramé Kraft Rect. Bout. CH 22x16.5x9 cm. PQTE 50 pzas.,0
063KRAFT,Bolsa c/asa Macramé Kraft Rect. Bout. CH 22x16x9 cm. CAJA 100 pzas.,0
059.1KRAFT,Bolsa c/asa Troquelada Kraft Duq. Chica 19x24.5x10 cm. CAJA 100 pzas.,0
059.1,Bolsa c/asa Troquelada Kraft Duq. Chica 19x24.5x10 cm. PQTE 50 pzas.,0
061KRAFT,Bolsa c/asa Troquelada Kraft Duq. G 30x29x18 cm. CAJA 100 pzas.,0
061KRAFTP,Bolsa c/asa Troquelada Kraft Duq. G 30x29x18 cm. PQTE 50 pzas.,0
060KRAFT,Bolsa c/asa Troquelada Kraft Duq. M 29x26x15 cm. CAJA 100 pzas.,0
060KRAFTP,Bolsa c/asa Troquelada Kraft Duq. M 29x26x15 cm. PQTE 50 pzas.,0
059.0KRAFT,Bolsa c/asa Troquelada Kraft Duq. Mini 17x17x8 cm. CAJA 100 pzas.,0
059.0KRAFTP,Bolsa c/asa Troquelada Kraft Duq. Mini 17x17x8 cm. PQTE 50 pzas.,0
062KRAFT,Bolsa c/asa Troquelada Kraft Duq. XG 38x36x21 cm. CAJA 100 pzas.,0
058KRAFT,Bolsa Multiuso c/cierre Stand Up Kraft/ventana 1 Kg CAJA 100 Pzas.,0
058KRAFTP,Bolsa Multiuso c/cierre Stand Up Kraft/ventana 1 Kg. PQTE 50 Pzas.,0
057KRAFT,Bolsa Multiuso c/cierre Stand Up Kraft/ventana 1/2 Kg CAJA 100 Pzas.,0
057KRAFTP,Bolsa Multiuso c/cierre Stand Up Kraft/ventana 1/2 Kg. PQTE 50 Pzas.,0
055KRAFT,Bolsa Multiuso c/cierre Stand Up Kraft/ventana 130 Grs. CAJA 100 Pzas.,0
055KRAFTP,Bolsa Multiuso c/cierre Stand Up Kraft/ventana 130 Grs. PQTE 50 Pzas.,0
056KRAFT,Bolsa Multiuso c/cierre Stand Up Kraft/ventana 250 Grs. CAJA 100 Pzas.,0
055.0KRAFT,Bolsa Multiuso c/cierre Stand Up Kraft/ventana 60 Grs. CAJA 100 Pzas.,0
055.0KRAFTP,Bolsa Multiuso c/cierre Stand Up Kraft/ventana 60 Grs. PQTE 50 Pzas.,0
051KRAFT,Bolsa P Kraft Asa Plana 22x28x13 #1 CAJA 100 Pzas. PKB*7,0
051KRAFTP,Bolsa P Kraft Asa Plana 22x28x13 #1 PQTE 50 Pzas. PKB*7,0
093KRAFT,Bolsa P Kraft Blanco Fondo Cuadrado no. 12 (Despensa) 18x35x10 cm CAJA 500 Pzas PKB*6,0
093KRAFTP,Bolsa P Kraft Blanco Fondo Cuadrado no. 12 (Despensa) 18X35X10 cm PQTE 100 Pzas. PKB*6,0
092KRAFT,Bolsa P Kraft Blanco Fondo Cuadrado no. 6 (Despensa) 15x29.5x8 cm CAJA 500 Pzas. PKB*6,0
092KRAFTP,Bolsa P Kraft Blanco Fondo Cuadrado no. 6 (Despensa) 15x29.5x8 cm PQTE 100 Pzas. PKB*6,0
054KRAFT,Bolsa P Kraft Metalizada Zipper Grande 31x31x13 cm CAJA 500 Pzas. PKB*7,0
054KRAFTP,Bolsa P Kraft Metalizada Zipper Grande 31x31x13 cm PQTE 50 Pzas. PKB*7,0
031KRAFT,"Bolsa P Kraft Natural Antigrasa 15x28x6 cm CAJA 1,000 Pzas. PKB*7",0
031KRAFTP,Bolsa P Kraft Natural Antigrasa 15x28x6 cm PQTE 100 Pzas. PKB*7,0
044.2KRAFT,Bolsa P Kraft Natural Asa Pegada (Torcida) #25 20X26X10 cm CAJA 100 pzas PKB*6,0
044.2KRAFTP,Bolsa P Kraft Natural Asa Pegada (Torcida) #25 20x26x11 cm PQTE 50 Pzas. PKB*6,0
044.4KRAFT,Bolsa P Kraft Natural Asa Pegada (Torcida) #35 24X30X17 cm CAJA 100 pzas PKB*6,0
044.4KRAFTP,Bolsa P Kraft Natural Asa Pegada (Torcida) #35 24X30X17 cm PQTE 50 pzas PKB*6,0
044.3KRAFT,Bolsa P Kraft Natural Asa Pegada (Torcida) Botella #90 14.5x35x13 cm CAJA 100 pzas PKB*6,0
044.3KRAFTP,Bolsa P Kraft Natural Asa Pegada (Torcida) Botella #90 14.5x35x13 cm PQTE 50 pzas PKB*6,0
044.0KRAFT,Bolsa P Kraft Natural Asa Pegada (Torcida) Grande 30x45x18 cm CAJA 100 Pzas. PKB*2,0
044.0KRAFTP,Bolsa P Kraft Natural Asa Pegada (Torcida) Grande 30x45x18 cm PQTE 50 Pzas. PKB*2,0
044.1KRAFT,Bolsa P Kraft Natural Asa Pegada (Torcida) Mediana 30x36x18 cm CAJA 100 Pzas. PKB*2,0
044.1KRAFTP,Bolsa P Kraft Natural Asa Pegada (Torcida) Mediana 30x36x18 cm PQTE 50 Pzas. PKB*2,0
040KRAFT,Bolsa P Kraft Natural Fondo Cuadrado 21x35x15 cm CAJA 250 Pzas. PKB*7,0
040KRAFTP,Bolsa P Kraft Natural Fondo Cuadrado 21x35x15 cm cm PQTE 50 Pzas. PKB*7,0
041KRAFT,Bolsa P Kraft Natural Fondo Cuadrado 25x35x19 cm (Despensa #35) CAJA 250 Pzas. PKB*6,0
041KRAFTP,Bolsa P Kraft Natural Fondo Cuadrado 25x35x19 cm (Despensa #35) PQTE 50 Pzas. PKB*6,0
042KRAFT,Bolsa P Kraft Natural Fondo Cuadrado 30.5x43x17.5 cm (Despensa #45) CAJA 250 Pzas. PKB*2,0
042KRAFTP,Bolsa P Kraft Natural Fondo Cuadrado 30.5x43x17.5 cm cm (Despensa #45) PQTE 50 Pzas. PKB*2,0
038KRAFT,Bolsa P Kraft Natural Fondo Cuadrado no. 10 (Despensa) 16x33x9 cm CAJA 500 Pzas. PKB*6,0
038KRAFTP,Bolsa P Kraft Natural Fondo Cuadrado no. 10 (Despensa) 16x33x9 cm PQTE 100 Pzas. PKB*6,0
039KRAFT,Bolsa P Kraft Natural Fondo Cuadrado no. 12 (Despensa) 18x35x10 cm CAJA 500 Pzas. PKB*6,0
039KRAFTP,Bolsa P Kraft Natural Fondo Cuadrado no. 12 (Despensa) 18x35x10 cm PQTE 100 Pzas. PKB*6,0
036KRAFTP,Bolsa P Kraft Natural Fondo Cuadrado no. 6 (Despensa) 14.5x27.5x9.5 cm PQTE 100 Pzas. PKB*7,0
036KRAFT,"Bolsa P Kraft Natural Fondo Cuadrado no. 6 (Despensa) 14.5x27x9.5 cm CAJA 1,000 Pzas. PKB*7",0
037KRAFT,Bolsa P Kraft Natural Fondo Cuadrado no. 8 (Despensa) 15x31x9 cm CAJA 500 Pzas. PKB*6,0
037KRAFTP,Bolsa P Kraft Natural Fondo Cuadrado no. 8 (Despensa) 15x31x9 cm PQTE 100 Pzas. PKB*6,0
095KRAFT,"Bolsa P Kraft Plana 25X33 cm #10 CAJA 1,000 Pzas PKB*8",0
095KRAFTP,Bolsa P Kraft Plana 25X33 cm #10 PQTE 250 Pzas PKB*8,0
094KRAFT,"Bolsa P Kraft Plana 30x38 cm #12 CAJA 1,000 Pzas PKB*8",0
094KRAFTP,Bolsa P Kraft Plana 30x38 cm #12 PQTE 250 Pzas PKB*8,0
030.3KRAFT,"Bolsa Papel Celulosa blanco (Baguette) 12x64x6 CAJA 1,000 Pzas. PKB*7",0
030.3KRAFTP,Bolsa Papel Celulosa blanco (Baguette) 12x64x6 PQTE 100 Pzas. PKB*7,0
027KRAFTP,Bolsa Papel Estraza #1 - 8.5x20.5x5.5 cm PQTE 100 Pzas. PKB*6,0
027KRAFT,Bolsa Papel Estraza #1 - 8.5x20.5x5.5 cm CAJA 500 Pzas. PKB*6,0
026KRAFTP,Bolsa Papel Estraza #1/2 - 7.5x17x3.5 cm PQTE 100 Pzas. PKB*6,0
026KRAFT,Bolsa Papel Estraza #1/2 - 7.5x17x3.5 cm CAJA 500 Pzas. PKB*6,0
025KRAFT,Bolsa Papel Estraza #1/4 - 6x15x3.5 cm CAJA 500 Pzas. PKB*6,0
025KRAFTP,Bolsa Papel Estraza #1/4 - 6x15x3.5 cm PQTE 100 Pzas. PKB*6,0
028KRAFT,Bolsa Papel Estraza #2 - 10x24.5x6 cm CAJA 500 Pzas. PKB*6,0
028KRAFTP,Bolsa Papel Estraza #2 - 10x24.5x6 cm PQTE 100 Pzas. PKB*6,0
029.0KRAFT,Bolsa Papel Estraza #3 - 12.5x26.5x6.5 cm CAJA 500 Pzas. PKB*6,0
029.0KRAFTP,Bolsa Papel Estraza #3 - 12.5x26.5x6.5 cm PQTE 100 Pzas. PKB*6,0
029.1KRAFT,Bolsa Papel Estraza #4 - 13x30x7 cm CAJA 500 Pzas. PKB*6,0
029.1KRAFTP,Bolsa Papel Estraza #4 - 13x30x7 cm PQTE 100 Pzas. PKB*6,0
029.2KRAFT,Bolsa Papel Estraza #5 - 13.5x32.5x7.5 cm CAJA 500 Pzas. PKB*6,0
029.2KRAFTP,Bolsa Papel Estraza #5 - 13.5x32.5x7.5 cm PQTE 100 Pzas. PKB*6,0
029.3KRAFT,Bolsa Papel Estraza #6 - 14.5x34x9 cm CAJA 500 Pzas. PKB*6,0
029.3KRAFTP,Bolsa Papel Estraza #6 - 14.5x34x9 cm PQTE 100 Pzas. PKB*6,0
030.0KRAFT,Bolsa Papel Estraza no. 212 (Baguette) 12x41x6 cm CAJA 500 Pzas. PKB*6,0
030.0KRAFTP,Bolsa Papel Estraza no. 212 (Baguette) 12x41x6 cm PQTE 100 Pzas. PKB*6,0
030.1KRAFT,Bolsa Papel Estraza no. 300 (Baguette) 20.5x49x12 cm CAJA 500 Pzas. PKB*6,0
030.1KRAFTP,Bolsa Papel Estraza no. 300 (Baguette) 20.5x49x12 cm PQTE 100 Pzas. PKB*6,0
030.2KRAFT,"Bolsa Papel Kraft reciclado (Baguette) 12x64x6 CAJA 1,000 Pzas. PKB*7",0
030.2KRAFTP,Bolsa Papel Kraft reciclado (Baguette) 12x64x6 PQTE 100 Pzas. PKB*7,0
023KRAFT,"Bolsa t/Sobre P Kraft Natural p/Cubierto Impresa 7x25 cm CAJA 1,000 Pzas. PKB*7",0
023KRAFTP,Bolsa t/Sobre P Kraft Natural p/Cubierto Impresa 7x25 cm PQTE 100 Pzas. PKB*7,0
062KRAFTP,Bolsas c/asa Troquelada Kraft Duq. XG 38x36x21.5 cm. PQTE 50 pzas.,0
056KRAFTP,Bolsas Multiusos c/cierre Stand Up Kraft/ventana 250 Grs. PQTE. 50 Pzas.,0
002KRAFT,Caja P Kraft p/Pizza 25x25 cm CAJA 100 Pzas. PKB*10,0
001KRAFT,Caja P Kraft p/Pizza 20x20 cm CAJA 100 Pzas. PKB*10,0
001KRAFTP,Caja P Kraft p/Pizza 20x20 cm PQTE 50 Pzas. PKB*10,0
002KRAFTP,Caja P Kraft p/Pizza 25x25 cm PQTE 50 Pzas. PKB*10,0
004KRAFT,Caja P Kraft p/Pizza 30x30 cm CAJA 100 Pzas. PKB*10,0
004KRAFTP,Caja P Kraft p/Pizza 30x30 cm PQTE 50 Pzas. PKB*10.,0
006KRAFT,Caja P Kraft p/Pizza 35x35 cm CAJA 100 Pzas. PKB*10,0
006KRAFTP,Caja P Kraft p/Pizza 35x35 cm PQTE 50 Pzas. PKB*10,0
008KRAFTP,Caja P Kraft p/Pizza 40x40 cm 50 Pzas. PKB*10,0
008KRAFT,Caja P Kraft p/Pizza 40x40 cm CAJA 100 Pzas. PKB*10,0
010KRAFTP,Charola multiusos papel blanco 14x20x5 cm sustentable PQTE. 100 pzas. PKB*6,0
010KRAFT,Charola multiusos papel blanco 14x20x5 cm sustentable CAJA 500 pzas. PKB*6,0
009.0KRAFTP,Contenedor papel blanco sustentable papas fritas PQTE. 50 pzas. PKB*6,0
009.0KRAFT,Contenedor papel blanco sustentable papas fritas CAJA 500 pzas. PKB*6,0
009.1KRAFT,Contenedor redondo P Kraft 16 oz CAJA 300 Pzas. PKB*3,0
009.1KRAFTP,Contenedor redondo P Kraft 16 oz PQTE 50 Pzas. PKB*3,0
009.2KRAFT,Contenedor redondo P Kraft 25 oz CAJA 300 Pzas. PKB*3,0
009.2KRAFTP,Contenedor redondo P Kraft 25oz PQTE 50 Pzas. PKB*3,0
009.3KRAFT,Contenedor redondo P Kraft 32 oz CAJA 300 Pzas. PKB*3,0
009.3KRAFTP,Contenedor redondo P Kraft 32 oz PQTE 50 Pzas. PKB*3,0
009.4KRAFT,Contenedor redondo P Kraft 44 oz CAJA 300 Pzas. PKB*3,0
009.4KRAFTP,Contenedor redondo P Kraft 44 oz PQTE 50 Pzas. PKB*3,0
020.2PAPELPLA,Fiambrera P kraft grado alimenticio 12X8X6 cm CAJA 60 pzas.,0
020.1PAPELPLA,Fiambrera P kraft grado alimenticio 16X9X8 cm CAJA 60 pzas.,0
020.0PAPELPLA,Fiambrera P kraft grado alimenticio 22x15x14 cm CAJA 60 pzas.,0
009.5KRAFT,Tapa Contenedor redondo P Kraft 16/32 oz CAJA 300 Pzas. PKB*3,0
009.5KRAFTP,Tapa Contenedor redondo P Kraft 16/32 oz PQTE 50 Pzas. PKB*3,0
008.1PAPELPLA,Caja blanca Comida Asiatica 16 oz. CAJA 450 Pzas. PKB*2,0
008.1PAPELPLAP,Caja blanca Comida Asiatica 16 oz. PQTE 50 Pzas. PKB*2,0
008.2PAPELPLA,Caja blanca Comida Asiatica 26 oz. CAJA 450 Pzas. PKB*2,0
008.2PAPELPLAP,Caja blanca Comida Asiatica 26 oz. PQTE 50 Pzas. PKB*2,0
008.3PAPELPLA,Caja blanca Comida Asiatica 32 oz. CAJA 450 Pzas. PKB*2,0
008.3PAPELPLAP,Caja blanca Comida Asiatica 32 oz. PQTE 50 Pzas. PKB*2,0
009.4PAPELPLA,Caja de Papel Chica 26 oz. 11.5x9x6.5 Beige CAJA 200 Pzas. P+PLA*3,0
009.4PAPELPLAP,Caja de Papel Chica 26 oz. 11.5x9x6.5 Beige PQTE 50 Pzas. P+PLA*3,0
009.7PAPELPLA,Caja de Papel con Ventana Chica 13.4x10.2x3.7 Beige CAJA 200 Pzas. P+PLA *3,0
009.9PAPELPLA,Caja de Papel con Ventana Grande 20x14x5 Beige CAJA 200 Pzas. P+PLA *3,0
009.9PAPELPLAP,Caja de Papel con Ventana Grande 20x14x5 Beige PQTE 50 Pzas. P+PLA *3,0
009.8PAPELPLA,Caja de Papel con Ventana Mediana 16.8x11.8x4.5 Beige CAJA 200 Pzas. P+PLA *3,0
009.8PAPELPLAP,Caja de Papel con Ventana Mediana 16.8x11.8x4.5 Beige PQTE 50 Pzas. P+PLA *3,0
009.6PAPELPLA,Caja de Papel Grande 66 oz 19.7x6.5x14 Beige CAJA 200 Pzas. P+PLA *3,0
009.6PAPELPLAP,Caja de Papel Grande 66 oz 19.7x6.5x14 Beige PQTE 50 Pzas. P+PLA *3,0
009.5PAPELPLA,Caja de Papel Mediana 45 oz 15x12x6.5 Beige CAJA 200 Pzas. P+PLA *3,0
009.5PAPELPLAP,Caja de Papel Mediana 45 oz 15x12x6.5 Beige PQTE 50 Pzas. P+PLA *3,0
008.4PAPELPLA,Caja kraf Comida Asiatica 16 oz. CAJA 500 Pzas. PKB*3,0
008.4PAPELPLAP,Caja kraf Comida Asiatica 16 oz. CAJA 500 Pzas. PKB*3,0
008.5PAPELPLA,Caja kraf Comida Asiatica 26 oz. CAJA 500 Pzas. PKB*3,0
008.5PAPELPLAP,Caja kraf Comida Asiatica 26 oz. CAJA 500 Pzas. PKB*3,0
004PAPELPLAP,Contenedor térmico 12 oz blanco Papel+Pla Compostable PQTE 50 Pzas. P+PLA*1,0
004PAPELPLA,Contenedor térmico 12 oz blanco Papel+Pla Compostable CAJA 500 Pzas. P+PLA*1,0
005PAPELPLA,Contenedor térmico 16 oz blanco Papel+Pla Compostable CAJA 500 Pzas. P+PLA*3,0
005PAPELPLAP,Contenedor térmico 16 oz blanco Papel+Pla Compostable PQTE 50 Pzas. P+PLA*3,0
001PAPELPLA,"Contenedor térmico 3 oz blanco Papel+Pla Compostable CAJA 1,000 Pzas. P+PLA*4",0
001PAPELPLAP,Contenedor térmico 3 oz blanco Papel+Pla Compostable PQTE 50 Pzas. P+PLA*4,0
006.0PAPELPLA,Contenedor térmico 32 oz blanco Papel+Pla Compostable CAJA 500 Pzas. P+PLA*1,0
006.0PAPELPLAP,Contenedor térmico 32 oz blanco Papel+Pla Compostable PQTE 50 Pzas. P+PLA*1,0
002PAPELPLA,"Contenedor térmico 5 oz blanco Papel+Pla Compostable CAJA 1,000 Pzas. P+PLA*3",0
002PAPELPLAP,Contenedor térmico 5 oz blanco Papel+Pla Compostable PQTE 50 Pzas. P+PLA*4,0
003PAPELPLA,"Contenedor térmico 8 oz blanco Papel+Pla Compostable CAJA 1,000 Pzas. P+PLA*3",0
003PAPELPLAP,Contenedor térmico 8 oz blanco Papel+Pla Compostable PQTE 50 Pzas. P+PLA*3,0
009.1PAPELPLAP,Copa Soufflé 2 oz Beige Papel +Pla Compostable PQTE 100 Pzas. P+PLA*3,0
009.1PAPELPLA,"Copa Soufflé 2 oz Beige Papel+Pla Compostable CAJA 2,000 Pzas. P+PLA*3",0
009.2PAPELPLA,"Copa Soufflé 4 oz Beige Papel+Pla Compostable CAJA 2,000 Pzas. P+PLA*3",0
009.2PAPELPLAP,Copa Soufflé 4 oz Beige Papel+Pla Compostable PQTE 100 Pzas. P+PLA*3,0
006.1PAPELPLA,Tapa contenedor 16/32 oz transparente Papel+ Pla CAJA 300 Pzas. PLA*3,0
006.1PAPELPLAP,Tapa contenedor 16/32 oz transparente Pla PQTE Pzas. PLA*3,0
008.0PAPELPLA,Tapa contenedor térmico 12/16/32 oz transparente Pla Compostable CAJA 500 Pzas. PLA*3,0
008.0PAPELPLAP,Tapa contenedor térmico 12/16/32 oz transparente Pla Compostable PQTE 50 Pzas. PLA*3,0
007PAPELPLA,"Tapa contenedor térmico 8 oz transparente Pla Compostable CAJA 1,000 Pzas. PLA *3",0
007PAPELPLAP,Tapa contenedor térmico 8 oz transparente Pla Compostable PQTE 50 Pzas. PLA,0
009.3PAPELPLA,"Tapa copa soufflé 2 y 4 oz Beige Papel+Pla Compostable CAJA 2,000 Pzas. P+PLA*3",0
009.3PAPELPLAP,Tapa copa soufflé 2 y 4 oz Beige Papel+Pla Compostable PQTE 100 Pzas. P+PLA*3,0
017PAPELPLA,"Tapa vaso 10/12/16/20 oz bebida caliente (cafetera) compostable CAJA 1,000 Pzas. *3",0
017PAPELPLAP,Tapa vaso 10/12/16/20 oz bebida caliente (cafetera) compostable PQTE 50 Pzas. PLA*1,0
018PAPELPLA,"Tapa vaso 10/12/16/20 oz bebida caliente (cafetera) negra compostable CAJA 1,000 Pzas. *3",0
018PAPELPLAP,Tapa vaso 10/12/16/20 oz bebida caliente (cafetera) negra compostable PQTE 50 Pzas. PLA*1,0
016PAPELPLA,"Tapa vaso 8 oz bebida caliente (cafetera) compostable CAJA 1,000 Pzas. PLA*3",0
016PAPELPLAP,Tapa vaso 8 oz bebida caliente (cafetera) compostable PQTE 50 Pzas. PLA*3,0
012.0PAPELPLA,"Vaso 10 oz bebida caliente blanco Papel+Pla Compostable CAJA 1,000 Pzas. P+PLA*1*3",0
012.0PAPELPLAP,Vaso 10 oz bebida caliente blanco Papel+Pla Compostable PQTE 50 Pzas. P+PLA*1*3,0
012.1PAPELPLA,"Vaso 10 oz bebida caliente blanco Papel-Bio Rec. convencional CAJA 1,000 Pzas. P+PLA*2",0
012.1PAPELPLAP,Vaso 10 oz bebida caliente blanco Papel-Bio Rec. convencional PQTE 50 Pzas. P+PLA*2,0
013.0PAPELPLA,"Vaso 12 oz bebida caliente blanco Papel+Pla Compostable CAJA 1,000 Pzas. P+PLA*1*3",0
013.0PAPELPLAP,Vaso 12 oz bebida caliente blanco Papel+Pla Compostable PQTE 50 Pzas. P+PLA*1*3,0
013.1PAPELPLA,"Vaso 12 oz bebida caliente blanco Papel-Bio Rec. convencional CAJA 1,000 Pzas. P+PLA*2",0
013.1PAPELPLAP,Vaso 12 oz bebida caliente blanco Papel-Bio Rec. convencional PQTE 50 Pzas. P+PLA*2,0
014.0PAPELPLA,"Vaso 16 oz bebida caliente blanco Papel+Pla Compostable CAJA 1,000 Pzas. P+PLA*1*3",0
014.0PAPELPLAP,Vaso 16 oz bebida caliente blanco Papel+Pla Compostable PQTE 50 Pzas. P+PLA*1*3,0
014.1PAPELPLA,"Vaso 16 oz bebida caliente blanco Papel-Bio Rec. convencional CAJA 1,000 Pzas. P+PLA*2",0
014.1PAPELPLAP,Vaso 16 oz bebida caliente blanco Papel-Bio Rec. convencional PQTE 50 Pzas. P+PLA*2,0
015.0PAPELPLA,"Vaso 20 oz bebida caliente blanco Papel+Pla Compostable CAJA 1,000 Pzas. P+PLA*1*3",0
015.0PAPELPLAP,Vaso 20 oz bebida caliente blanco Papel+Pla Compostable PQTE 50 Pzas. P+PLA*1*3,0
015.1PAPELPLA,"Vaso 20 oz bebida caliente blanco Papel-Bio Rec. convencional CAJA 1,000 Pzas. P+PLA*2",0
015.1PAPELPLAP,Vaso 20 oz bebida caliente blanco Papel-Bio Rec. convencional PQTE 50 Pzas. P+PLA*2,0
010.0PAPELPLA,"Vaso 4 oz bebida caliente blanco Papel+Pla Compostable CAJA 1,000 Pzas. P+PLA*1*3",0
010.0PAPELPLAP,Vaso 4 oz bebida caliente blanco Papel+Pla Compostable PQTE 50 Pzas. P+PLA*1*3,0
010.1PAPELPLA,"Vaso 4 oz bebida caliente blanco Papel-Bio Rec. convencional CAJA 1,000 Pzas. P+PLA*2",0
010.1PAPELPLAP,Vaso 4 oz bebida caliente blanco Papel-Bio Rec. convencional PQTE 50 Pzas. P+PLA*2,0
011.0PAPELPLA,"Vaso 8 oz bebida caliente blanco Papel+Pla Compostable CAJA 1,000 Pzas. P+PLA*1*3",0
011.0PAPELPLAP,Vaso 8 oz bebida caliente blanco Papel+Pla Compostable PQTE 50 Pzas. P+PLA*1*3,0
011.1PAPELPLA,"Vaso 8 oz bebida caliente blanco Papel-Bio Rec. convencional CAJA 1,000 Pzas. P+PLA*2",0
011.1PAPELPLAP,Vaso 8 oz bebida caliente blanco Papel-Bio Rec. convencional PQTE 50 Pzas. P+PLA*2,0
005PBAT,Bolsa Basura compostable Gris PBAT 120X135cm CAJA 96 Pzas. PBAT*3,0
005PBATP,Bolsa Basura compostable Gris PBAT 120X135cm PQTE 6 Pzas. PBAT*3,0
004PBAT,Bolsa Basura compostable PBAT Chica 43x45 cm CAJA 960 Pzas. PBAT*3,0
004PBATP,Bolsa Basura compostable PBAT Chica 43x45 cm PQTE 20 Pzas PBAT*3,0
002PBAT,Bolsa Basura compostable PBAT Grande 70x90 cm CAJA 224 Pzas. PBAT*3,0
002PBATP,Bolsa Basura compostable PBAT Grande 70x90 cm PQTE 7 Pzas PBAT*3,0
003PBAT,Bolsa Basura compostable PBAT Mediana 55x60 cm CAJA 480 Pzas. PBAT*3,0
003PBATP,Bolsa Basura compostable PBAT Mediana 55x60 cm PQTE 15 Pzas PBAT*3,0
001PBAT,"Bolsa camiseta PBAT Grande 30x55 cm CAJA 1,000 Pzas. PBAT*3",0
001PBATP,Bolsa camiseta PBAT Grande 30x55 cm PQTE 50 Pzas. PBAT*11,0
004PHA,"Agitador azúl PHA Bio soluble CAJA 6,000 Pzas. PHA*12",0
004PHAP,"Agitador azúl PHA Bio soluble PQTE 1,000 Pzas. PHA*12",0
003PHAP,Popote azúl PHA Bio soluble Gigante 21 cm x .7 mm PQTE 300 Pzas. PHA*12,0
003PHA,"Popote azúl PHA Bio soluble Gigante 21 cm x .7mm CAJA 1,200 Pzas. PHA*12",0
001PHA,"Popote azúl PHA Bio soluble Jumbo 21 cm x .5 mm CAJA 3,750 Pzas. PHA*12",0
001PHAP,Popote azúl PHA Bio soluble Jumbo 21 cm x .5 mm PQTE 375 Pzas. PHA*12,0
060PLA,"Popote blanco 21 cm estuchado compostable PLA CAJA 5,000 Pzas. PLA*2",0
060PLAP,Popote blanco 21 cm estuchado compostable PLA PLA PQTE 500 Pzas. PLA*2,0
063PLA,"Popote blanco grueso 24x1 cm estuchado PLA CAJA 2,000 Pzas. PLA*2",0
063PLAP,Popote blanco grueso 24x1 cm estuchado PLA PQTE 250 Pzas. PLA*2,0
061PLA,"Popote negro 21 cm estuchado compostable PLA CAJA 5,000 Pzas. PLA*2",0
061PLAP,Popote negro 21 cm estuchado compostable PLA PQTE 500 Pzas. PLA*2,0
062PLA,"Popote/cuchara 26x.06 cm estuchado PLA CAJA 1,200 Pzas. PLA",0
062PLAP,Popote/cuchara 26x.06 cm estuchado PLA PQTE 300 Pzas. PLA,0
003PLA,"Almeja 8x8"" c/3 div transparente PLA CAJA 250 Pzas. PLA*1",0
003PLAP,"Almeja 8x8"" c/3 div transparente PLA PQTE 50 Pzas. PLA*1",0
002PLA,"Almeja 8x8"" transparente lisa PLA CAJA 250 Pzas. PLA*1",0
002PLAP,"Almeja 8x8"" transparente lisa PLA PQTE 50 Pzas. PLA*1",0
004PLA,"Almeja 9x5x3"" lisa transparente PLA CAJA 250 Pzas. PLA*1",0
004PLAP,"Almeja 9x5x3"" lisa transparente PLA PQTE 50 Pzas. PLA*1",0
033PLA,"Charola Bandeja de sushi con tapa 7x5X2"" PLA CAJA 300 Pzas. PLA",0
005PLA,"Copa soufflé 1 oz transparente PLA CAJA 3,000 Pzas. PLA",0
005PLAP,Copa soufflé 1 oz transparente PLA PQTE 100 Pzas. PLA*1,0
006PLA,"Copa soufflé 2 oz transparente PLA CAJA 2,000 Pzas. PLA*1",0
006PLAP,Copa soufflé 2 oz transparente PLA PQTE 100 Pzas. PLA*1,0
008PLA,"Copa soufflé 4 oz transparente PLA CAJA 2,000 Pzas. PLA*1",0
008PLAP,Copa soufflé 4 oz transparente PLA PQTE 100 Pzas. PLA*1,0
033PLAP,"Craharola Bandeja de sushi con tapa 7x5"" PLA PQTE 100 Pzas. PLA",0
016PLA,Deli cuadrado c/2 div transparente PLA CAJA 300 Pzas. PLA*1,0
016PLAP,Deli cuadrado c/2 div transparente PLA PQTE 50 Pzas. PLA*1,0
017PLA,Deli cuadrado c/3 div transparente PLA CAJA 300 Pzas. PLA*1,0
017PLAP,Deli cuadrado c/3 div transparente PLA PQTE 50 Pzas. PLA*1,0
018PLA,Deli cuadrado c/4 div transparente PLA CAJA 300 Pzas. PLA*1,0
018PLAP,Deli cuadrado c/4 div transparente PLA PQTE 50 Pzas. PLA*1,0
021PLA,Deli rectangular 12 oz transparente PLA CAJA 900 Pzas. PLA*1,0
021PLAP,Deli rectangular 12 oz transparente PLA PQTE 100 Pzas. PLA*1,0
022PLA,Deli rectangular 16 oz transparente PLA CAJA 900 Pzas. PLA*1,0
022PLAP,Deli rectangular 16 oz transparente PLA PQTE 100 Pzas. PLA*1,0
023PLA,Deli rectangular 24 oz transparente PLA CAJA 600 Pzas. PLA*1,0
023PLAP,Deli rectangular 24 oz transparente PLA PQTE 100 Pzas. PLA*1,0
024PLA,Deli rectangular 32 oz transparente PLA CAJA 600 Pzas. PLA*1,0
024PLAP,Deli rectangular 32 oz transparente PLA PQTE 100 Pzas. PLA*1,0
020PLA,Deli rectangular 8 oz transparente PLA CAJA 900 Pzas. PLA*1,0
020PLAP,Deli rectangular 8 oz transparente PLA PQTE 100 Pzas. PLA*1,0
011PLA,"Deli redondo 12 oz transparente PLA CAJA 1,000 Pzas. PLA",0
011PLAP,Deli redondo 12 oz transparente PLA PQTE 50 Pzas. PLA,0
012PLA,"Deli redondo 16 oz transparente PLA CAJA 1,000 Pzas. PLA",0
012PLAP,Deli redondo 16 oz transparente PLA PQTE 50 Pzas. PLA,0
013PLA,Deli redondo 24 oz transparente PLA CAJA 500 Pzas. PLA,0
013PLAP,Deli redondo 24 oz transparente PLA PQTE 50 Pzas. PLA,0
014PLAP,Deli redondo 32 oz transparente PLA PQTE 50 Pzas. PLA,0
014PLA,Deli redondo 32 oz transparente PLA CAJA 500 Pzas. PLA,0
010PLA,"Deli redondo 8 oz transparente PLA CAJA 1,000 Pzas. PLA",0
010PLAP,Deli redondo 8 oz transparente PLA PQTE. 50 Pzas. PLA,0
027PLA,Ensaladera 16 oz transparente PLA CAJA 450 Pzas. PLA*1,0
027PLAP,Ensaladera 16 oz transparente PLA PQTE 50 Pzas. PLA*1,0
028PLA,Ensaladera 24 oz transparente PLA CAJA 600 Pzas. PLA*1,0
028PLAP,Ensaladera 24 oz transparente PLA PQTE 50 Pzas. PLA*1,0
029PLA,Ensaladera 32 oz transparente PLA CAJA 600 Pzas. PLA*1,0
029PLAP,Ensaladera 32 oz transparente PLA PQTE 50 Pzas. PLA*1,0
030PLA,Ensaladera 48 oz transparente PLA CAJA 300 Pzas. PLA*1,0
030PLAP,Ensaladera 48 oz transparente PLA PQTE 50 Pzas. PLA*1,0
001PLA,"Hamburguesero liso 6x6"" transparente PLA CAJA 250 Pzas. PLA*1",0
001PLAP,"Hamburguesero liso 6x6"" transparente PLA PQTE 50 Pzas. PLA*1",0
049.1PLA,Tapa Contenedor Redondo 16/32 oz transparente Pla CAJA 300 Pzas. PLA*3,0
049.1PLAP,Tapa Contenedor Redondo 16/32 oz transparente Pla PQTE 50 Pzas. PLA*3,0
049.2PLA,Tapa Contenedor Redondo 44 oz transparente Pla CAJA 300 Pzas. PLA*3,0
049.2PLAP,Tapa Contenedor Redondo 44 oz transparente Pla PQTE 50 Pzas. PLA*3,0
007PLA,"Tapa copa soufflé 2 oz transparente PLA CAJA 2,000 Pzas. PLA*1",0
007PLAP,Tapa copa soufflé 2 oz transparente PLA PQTE 100 Pzas. PLA*1,0
009PLA,"Tapa copa soufflé 4 oz transparente PLA CAJA 2,000 Pzas. PLA*1",0
009PLAP,Tapa copa soufflé 4 oz transparente PLA PQTE 100 Pzas. PLA*1,0
019PLA,"Tapa Deli cuadrado c/2, 3, 4 div transparente PLA CAJA 300 Pzas. PLA*1",0
019PLAP,"Tapa Deli cuadrado c/2, 3, 4 div transparente PLA PQTE 50 Pzas. PLA*1",0
026PLA,Tapa Deli rectangular 24/32 oz transparente PLA CAJA 600 Pzas. PLA,0
026PLAP,Tapa Deli rectangular 24/32 oz transparente PLA PQTE 50 Pzas. PLA,0
025PLA,Tapa Deli rectangular 8/12/16 oz transparente PLA CAJA 900 Pzas. PLA,0
025PLAP,Tapa Deli rectangular 8/12/16 oz transparente PLA PQTE 100 Pzas. PLA,0
015PLA,Tapa Deli redondo 8/12/16/24/32 oz transparente PLA CAJA 500 Pzas. PLA,0
015PLAP,Tapa Deli redondo 8/12/16/24/32 oz transparente PLA PQTE 50 Pzas. PLA,0
031PLA,Tapa ensaladera 16 oz transparente PLA CAJA 450 Pzas. PLA,0
031PLAP,Tapa ensaladera 16 oz transparente PLA PQTE 50 Pzas. PLA,0
032PLA,Tapa ensaladera 24/32/48 oz transparente PLA 600 Pzas. PLA,0
032PLAP,Tapa ensaladera 24/32/48 oz transparente PLA PQTE 50 Pzas. PLA,0
053PLA,"Cuchara nevera premium blanca Word Centric PLA CAJA 3,000 Pzas. PLA*1",0
053PLAP,Cuchara nevera premium blanca Word Centric PLA PQTE 200 Pzas. PLA*1,0
054PLA,"Cuchara premium blanca Word Centric PLA CAJA 1,000 Pzas. PLA*1",0
054PLAP,Cuchara premium blanca Word Centric PLA PQTE 50 Pzas. PLA*1,0
056PLA,"Cuchillo premium blanco Word Centric PLA CAJA 1,000 Pzas. PLA*1",0
056PLAP,Cuchillo premium blanco Word Centric PLA PQTE 50 Pzas. PLA*1,0
055PLA,"Tenedor premium blanco Word Centric PLA CAJA 1,000 Pzas. PLA*1",0
055PLAP,Tenedor premium blanco Word Centric PLA PQTE 50 Pzas. PLA*1,0
057PLA,"Tenedor/Cuchara (spork) premium blanco Word Centric PLA CAJA 1,000 Pzas. PLA*1",0
057PLAP,Tenedor/Cuchara (spork) premium blanco Word Centric PLA PQTE 50 Pzas. PLA*1,0
040PLA,"Inserto 4 oz p/vaso 9 oz transparente PLA CAJA 1,000 Pzas. PLA*1",0
040PLAP,Inserto 4 oz p/vaso 9 oz transparente PLA PQTE 100 Pzas. PLA*1,0
046.1PLA,"Tapa domo c/agujero p/vaso 12/16/24 oz transparente PLA CAJA 1,000 Pzas. PLA *2",0
046.1PLAP,Tapa domo c/agujero p/vaso 12/16/24 oz transparente PLA PQTE 100 Pzas. PLA *2,0
046.0PLA,"Tapa domo c/agujero p/vaso 16/24 oz Greenwere transparente PLA CAJA 1,000 Pzas. PLA *1",0
046.0PLAP,Tapa domo c/agujero p/vaso 16/24 oz Greenwere transparente PLA PQTE 100 Pzas. PLA*1,0
043PLAP,Tapa domo c/agujero p/vaso 9/12 oz Greenwere transparente PLA PQTE 100 Pzas. PLA*1,0
043PLA,"Tapa domo c/agujero p/vaso 9/12 oz Grenwere transparente PLA CAJA 1,000 Pzas. PLA*1",0
042.1PLA,"Tapa plana c/agujero p/vaso 12/16/24 oz transparente PLA CAJA 1,000 Pzas. PLA*2",0
042.1PLAP,Tapa plana c/agujero p/vaso 12/16/24 oz transparente PLA PQTE 100 Pzas. PLA*2,0
045PLA,"Tapa plana c/agujero p/vaso 16/24 oz Greenwere transparente PLA CAJA 1,000 Pzas. PLA*1",0
045PLAP,Tapa plana c/agujero p/vaso 16/24 oz Greenwere transparente PLA PQTE 100 Pzas. PLA*1,0
042.0PLA,"Tapa plana c/agujero p/vaso 9/12 oz Greenwere transparente PLA CAJA 1,000 Pzas. PLA*1",0
042.0PLAP,Tapa plana c/agujero p/vaso 9/12 oz transparente Greenwere PLA PQTE 100 Pzas. PLA*1,0
052PLA,"Tapa plana c/agujero p/vaso 9/12/20 oz transparente (We Care) PLA CAJA 1,000 Pzas. PLA*3",0
052PLAP,Tapa plana c/agujero p/vaso 9/12/20 oz transparente PLA (We Care) PQTE 100 Pzas. PLA*3,0
049PLA,"Tapa plana c/agujero vaso 32 oz Greenwere transparente PLA CAJA 1,000 Pzas. PLA*1",0
049PLAP,Tapa plana c/agujero vaso 32 oz transparente PLA PQTE 100 Pzas. PLA*1,0
044PLA,"Tapa plana cerrada p/vaso 16/24 oz Greenwere transparente PLA CAJA 1,000 Pzas. PLA*1",0
044PLAP,Tapa plana cerrada p/vaso 16/24 oz Greenwere transparente PLA PQTE 100 Pzas. PLA*1,0
048PLA,"Tapa plana cerrada p/vaso 32 oz Greenwere transparente PLA CAJA 1,000 Pzas. PLA*1",0
048PLAP,Tapa plana cerrada p/vaso 32 oz Greenwere transparente PLA PQTE 100 Pzas. PLA*1,0
041.0PLA,"Tapa plana cerrada p/vaso 9/12 oz Greenwere transparente PLA CAJA 1,000 Pzas. PLA*1",0
041PLAP,Tapa plana cerrada p/vaso 9/12 oz Greenwere transparente PLA PQTE 100 Pzas. PLA*1,0
047.1PLA,"Tapa sip bebida fría 12/16/20 oz transparente PLA CAJA 1,000 Pzas. PLA*2",0
047.1PLAP,Tapa sip bebida fría 12/16/20 oz transparente PLA PQTE 100 Pzas. PLA*2,0
047.0PLA,"Tapa sip bebida fría 16/24 oz Greenwere transparente PLA CAJA 1,000 Pzas. PLA*1",0
047.0PLAP,Tapa sip bebida fría 16/24 oz Greenwere transparente PLA PQTE 100 Pzas. PLA*1,0
050PLAP,Vaso 12 oz bebida fría c/leyenda transparente (We Care) PLA PQTE 50 Pzas. PLA*3,0
050PLA,"Vaso 12 oz bebida fría c/leyenda transparente (We Care) PLA CAJA 1,000 Pzas. PLA*3",0
035.1PLA,"Vaso 12 oz bebida fría transparente Greenwere PLA CAJA 1,000 Pzas. PLA*1",0
035.1PLAP,Vaso 12 oz bebida fría transparente Greenwere PLA PQTE 50 Pzas. PLA*1,0
035.0PLAP,Vaso 12 oz bebida fría transparente PLA PQTE 50 Pzas. PLA*2,0
035.0PLA,"Vaso 12/14 oz bebida fría transparente PLA CAJA 1,000 Pzas. PLA*2",0
051PLA,"Vaso 16 oz bebida fría c/leyenda transparente (We Care) PLA CAJA 1,000 Pzas. PLA*3",0
051PLAP,Vaso 16 oz bebida fría c/leyenda transparente (We Care) PLA PQTE 50 Pzas. PLA*3,0
036.1PLA,"Vaso 16 oz bebida fría transparente Greenwere PLA CAJA 1,000 Pzas. PLA*1",0
036.1PLAP,Vaso 16 oz bebida fría transparente Greenwere PLA PQTE 50 Pzas. PLA*1,0
036.0PLAP,Vaso 16 oz bebida fría transparente PLA PQTE 50 Pzas. PLA*2,0
036.0PLA,"Vaso 16/18 oz bebida fría transparente PLA CAJA 1,000 Pzas. PLA*2",0
037PLA,"Vaso 20 oz bebida fría transparente Greenwere PLA CAJA 1,000 Pzas. PLA*1",0
037PLAP,Vaso 20 oz bebida fría transparente Greenwere PLA PQTE 50 Pzas. PLA*1,0
038PLA,Vaso 24 oz bebida fría transparente Greenwere PLA CAJA 600 Pzas. PLA*1,0
038PLAP,Vaso 24 oz bebida fría transparente Greenwere PLA PQTE 50 Pzas. PLA*1,0
039PLA,Vaso 32 oz bebida fría transparente Greenwere PLA CAJA 300 Pzas. PLA*1,0
039PLAP,Vaso 32 oz bebida fría transparente Greenwere PLA PQTE 50 Pzas. PLA*1,0
039.0PLA,Vaso 32 oz bebida fría transparente PLA CAJA 500 Pzas. PLA*2,0
039.0PLAP,Vaso 32 oz bebida fría transparente PLA PQTE 50 Pzas. PLA*2,0
034PLA,"Vaso 9 oz bebida fría transparente Greenwere PLA CAJA 1,000 Pzas. PLA*1",0
034PLAP,Vaso 9 oz bebida fría transparente Greenwere PLA PQTE 50 Pzas. PLA*1,0
009.7PAPELPLAP,Caja de Papel con Ventana Chica 13.4x10.2x3.7 Beige PQTE 50 Pzas. P+PLA *3,0
003.4IMP,Impresión 1 tinta -Fajilla Carton Bio $/pza *3,0
